name,price,supplier
"Пескобетон Старатели М-150, 25 кг",350,БеруСтрой
"Пескобетон Старатели М-300, 25 кг",399,БеруСтрой
"Пескобетон Старатели М-300, 40 кг",510,БеруСтрой
"Гипс Кнауф Шнельгипс, 5 кг","100,75",БеруСтрой
"Гипс Кнауф Шнельгипс, 2 кг","57,06",БеруСтрой
"Универсальная гипсовая штукатурка Волма Максимум, 30 кг",385,БеруСтрой
"Гипс строительный Волма Алебастр, 30 кг",399,БеруСтрой
"Кладочный раствор для кирпича облицовочный Основит Брикформ MC11, цвет желтый 070, 25 кг",799,БеруСтрой
"Гипсовая штукатурка Vetonit Aqua Profi Gyps, 30 кг","614,76",БеруСтрой
"Гипсовая штукатурка особо пластичная Волма Слой, 15 кг",336,БеруСтрой
"Гипсовая штукатурка Волма Слой, 5 кг",210,БеруСтрой
"Гипсовая штукатурка Старатели Профи, 30 кг",470,БеруСтрой
"Гипсовая штукатурка Старатели Белая, 5 кг",300,БеруСтрой
"Гипсовая штукатурка Старатели, 15 кг",330,БеруСтрой
"Базовая гипсовая штукатурка Vetonit Base Gyps, 30 кг","458,16",БеруСтрой
"Гипсовая штукатурка Vetonit 2 в 1 Gyps, 30 кг","506,84",БеруСтрой
"Гипсовая штукатурка базовая Кнауф Базис, 25 кг","391,89",БеруСтрой
"Гипсовая штукатурка универсальная Кнауф Ротбанд, 10 кг","317,43",БеруСтрой
"Гипсовая штукатурка универсальная Кнауф Ротбанд, 5 кг","185,54",БеруСтрой
"Гипсовая универсальная штукатурка Кнауф Туллер с увеличенными срокам схватывания, 30 кг","409,97",БеруСтрой
"Цементная штукатурка Волма Аквастарт, 25 кг",299,БеруСтрой
"Цементная штукатурка Старатели Фасадная, 5кг",300,БеруСтрой
"Цементная высокопрочная штукатурка Волма Цоколь, 25 кг",431,БеруСтрой
"Универсальная армировочно-клеевая смесь Vetonit Teplofacade, 20 кг","719,54",БеруСтрой
"Клей для пенополистирола и минеральной ваты Кнауф-Фассаден, 25 кг","475,54",БеруСтрой
"Цементная штукартурка для обрызга адгезионная Кнауф-Адгезив, 25 кг","551,14",БеруСтрой
"Декоративная штукатурка Vetonit weber.min ""Короед"", 20 кг","764,60",БеруСтрой
"Декоративная штукатурка Старатели Шуба 3 мм, 25 кг",950,БеруСтрой
"Декоративная штукатурка Старатели Шуба 2 мм, 25 кг",950,БеруСтрой
"Декоративная штукатурка Старатели Короед 3 мм, 25 кг",850,БеруСтрой
"Декоративная штукатурка Старатели Короед 2 мм, 25 кг",850,БеруСтрой
"Гипсовая штукатурка машинного нанесения Волма Гипс-Актив, 30 кг",440,БеруСтрой
"Гипсовая выравнивающая штукатурка Stoiver Механик белая, 30 кг",377,БеруСтрой
"Гипсовая выравнивающая штукатурка Stoiver Механик серая, 30 кг",367,БеруСтрой
"Цементная шпатлевка Старатели Фасадная, цвет серая, 20 кг",600,БеруСтрой
"Цементная фасадная шпатлевка Старатели Фасадная, 5 кг",410,БеруСтрой
"Цементная шпатлевка Старатели Базовая, цвет серая, 20 кг",430,БеруСтрой
"Цементная шпатлевка Старатели Базовая, 5 кг",330,БеруСтрой
"Финишная гипсовая шпатлевка Волма Сатин, 20 кг",466,БеруСтрой
"Финишная гипсовая шпатлевка Волма Финиш, 5 кг",300,БеруСтрой
"Финишная гипсовая шпатлевка Волма Финиш, 20 кг",481,БеруСтрой
"Шпатлевка финишная Старатели Гипсовая, 5 кг",400,БеруСтрой
"Шпатлевка финишная Старатели Гипсовая, 12 кг",470,БеруСтрой
"Универсальная гипсовая штукатурка Кнауф Фуген, 5 кг","193,76",БеруСтрой
"Универсальная гипсовая штукатурка Кнауф Фуген, 10 кг","320,64",БеруСтрой
"Полимерная готовая шпатлевка Vetonit LR Pasta Brilliant, 5 кг","532,04",БеруСтрой
"Суперфинишная полимерная шпатлевка Vetonit Fine, 20 кг","818,31",БеруСтрой
"Полимерная финишная шпатлевка Vetonit JS, 20 кг","1094,57",БеруСтрой
"Финишная готовая шпатлевка Волма Cream, 5 кг",485,БеруСтрой
"Полимерная шпатлевка Старатели Финишная КР, 5 кг",450,БеруСтрой
"Полимерная шпатлевка Полиарт, 5 кг",530,БеруСтрой
"Готовая шпатлевка финишная Danogips ProSpray, 15 л",1350,БеруСтрой
"Шпатлёвка готовая Старатели Суперфинишная, 7 кг",900,БеруСтрой
"Стяжка для пола Старатели С-10, 25 кг",370,БеруСтрой
"Клей плиточный Vetonit Granit Fix, 25 кг","509,81",БеруСтрой
"Клей плиточный Белый Cтаратели, 25 кг",850,БеруСтрой
"Клей плиточный Белый Старатели, 5 кг",550,БеруСтрой
"Смесь сухая цементная клеевая Волма Мультиклей Белый, 25 кг",764,БеруСтрой
"Клей плиточный Старатели Стандарт, 5 кг",350,БеруСтрой
"Клей плиточный Старатели Плюс, 5 кг",390,БеруСтрой
"Клей плиточный Старатели Премиум, 25 кг",850,БеруСтрой
"Клей плиточный Старатели Люкс, 5 кг",450,БеруСтрой
"Клей плиточный Старатели Керамогранит, 25 кг",730,БеруСтрой
"Клей плиточный Старатели Быстрый, 25 кг",500,БеруСтрой
"Клей готовый для стеклообоев и малярных стеклохолстов Старатели, 5 кг",850,БеруСтрой
"Клей готовый для стеклообоев и малярных стеклохолстов Старатели, 10 кг",1500,БеруСтрой
"Клей плиточный улучшенный беспылевой Vetonit Profi Plus, 25 кг","890,39",БеруСтрой
"Клей для камня светлого оттенка, керамогранита и стекла Ветонит Мрамор, белый, 25 кг","1947,27",БеруСтрой
"Клей для мозаики и камня Ветонит Мозаик, белый, 25 кг","971,86",БеруСтрой
"Клей-гель для мрамора, камня и керамогранита C2 TE S1 Ветонит Комфорт Экстрим Фикс, белый, 20 кг","1535,93",БеруСтрой
"Клей для плитки, керамогранита и камня Ветонит Комфорт Супер Фикс, белый (класс С1), 20 кг","1211,67",БеруСтрой
"Клей-гель для керамогранита, камня и плитки Ветонит Комфорт Пауэр Фикс, 20 кг","1082,42",БеруСтрой
"Клей плиточный Ветонит Изи фикс, 5 кг","149,16",БеруСтрой
"Клей плиточный цементный Ветонит Изи фикс, 25 кг","435,63",БеруСтрой
"Клей плиточный Кнауф Мрамор, 25 кг","950,31",БеруСтрой
"Клей плиточный эластичный Кнауф Флекс, 25 кг","1084,80",БеруСтрой
"Клей монтажный для крепления пенополистирольных и минераловатных плит Старатели, 25 кг",720,БеруСтрой
"Клей монтажный для блоков тонкослойный (зимний) Старатели, 25 кг",420,БеруСтрой
"Клей монтажный Старатели Теплоизол, 25 кг",900,БеруСтрой
"Цветной силиконовый герметик Vetonit Comfort Sil, цвет 01 белый, 280 мл","871,38",БеруСтрой
"Цветной силиконовый герметик Vetonit Comfort Sil, цвет 03 серебро, 280 мл","871,38",БеруСтрой
"Цветной силиконовый герметик Vetonit Comfort Sil, цвет 06 серый, 280 мл","871,38",БеруСтрой
"Затирка цементная цветная Vetonit Comfort Spectrum, цвет 05 цемент, 2 кг","245,82",БеруСтрой
"Цветной силиконовый герметик Vetonit Comfort Sil, 08 антрацит, 280 мл","871,38",БеруСтрой
"Цветной силиконовый герметик Vetonit Comfort Sil, 10 чёрный, 280 мл","871,38",БеруСтрой
"Цветной силиконовый герметик Vetonit Comfort Sil, 12 гранит, 280 мл","871,38",БеруСтрой
"Цветной силиконовый герметик Vetonit Comfort Sil, 14 туф, 280 мл","871,38",БеруСтрой
"Цветной силиконовый герметик Vetonit Comfort Sil, 15 дуб, 280 мл","871,38",БеруСтрой
"Цветной силиконовый герметик Vetonit Comfort Sil,18 бакаут, 280 мл","871,38",БеруСтрой
"Цветной силиконовый герметик Vetonit Comfort Sil, 20 кварц, 280 мл","871,38",БеруСтрой
"Смесь сухая затирочная Волма Мультишов СG2 WA, ГОСТ Р 58271, цвет бежевая, 2 кг",380,БеруСтрой
"Смесь сухая затирочная Волма Мультишов СG2 WA, ГОСТ Р 58271, цвет венге, 2 кг",380,БеруСтрой
"Смесь сухая затирочная Волма Мультишов СG2 WA, ГОСТ Р 58271, цвет графитовая, 2 кг",380,БеруСтрой
"Смесь сухая затирочная Волма Мультишов СG2 WA, ГОСТ Р 58271, цвет коричневая, 2 кг",380,БеруСтрой
"Смесь сухая затирочная Волма Мультишов СG2 WA, ГОСТ Р 58271, цвет персиковая, 2 кг",395,БеруСтрой
"Смесь сухая затирочная Волма Мультишов СG2 WA, ГОСТ Р 58271, цвет светло-коричневая, 2 кг",380,БеруСтрой
"Смесь сухая затирочная Волма Мультишов СG2 WA, ГОСТ Р 58271, цвет серебристо-серая, 2кг",380,БеруСтрой
"Затирка для плиточных швов Старатели, цвет 001 кальцит, 1 кг",300,БеруСтрой
"Затирка для плиточных швов Старатели, цвет 003 дымчато-серый, 1 кг",300,БеруСтрой
"Затирка для плиточных швов Старатели, цвет 004 серый, 1 кг",300,БеруСтрой
"Затирка для плиточных швов Старатели, цвет 005 серо-голубой, 1 кг",300,БеруСтрой
"Затирка для плиточных швов Старатели, цвет 006 ниагара, 2 кг",450,БеруСтрой
"Затирка для плиточных швов Старатели, цвет 008 синий, 1 кг",300,БеруСтрой
"Затирка для плиточных швов Старатели, цвет 008 синий, 2 кг",450,БеруСтрой
"Затирка для плиточных швов Старатели, цвет 009 кобальт, 1 кг",400,БеруСтрой
"Затирка для плиточных швов Старатели, цвет 012 лаванда, 2 кг",450,БеруСтрой
"Затирка для плиточных швов Старатели, цвет 014 розовый, 1 кг",300,БеруСтрой
"Затирка для плиточных швов Старатели, цвет 014 розовый, 2 кг",450,БеруСтрой
"Затирка для плиточных швов Старатели, цвет 015 бледно-розовый, 1 кг",300,БеруСтрой
"Затирка для плиточных швов Старатели, цвет 015 бледно-розовый, 2 кг",450,БеруСтрой
"Затирка для плиточных швов Старатели, цвет 016 латте, 1 кг",300,БеруСтрой
"Затирка для плиточных швов Старатели, цвет 017 капучино, 1 кг",300,БеруСтрой
"Затирка для плиточных швов Старатели, цвет 018 карамель, 1 кг",300,БеруСтрой
"Затирка для плиточных швов Старатели, цвет 018 карамель, 2 кг",450,БеруСтрой
"Затирка для плиточных швов Старатели, цвет 020 слоновая кость, 1 кг",300,БеруСтрой
"Затирка для плиточных швов Старатели, цвет 020 слоновая кость, 2 кг",450,БеруСтрой
"Затирка для плиточных швов Старатели, цвет 021 лимонный, 2 кг",450,БеруСтрой
"Затирка для плиточных швов Старатели, цвет 022 желтый, 1 кг",300,БеруСтрой
"Затирка для плиточных швов Старатели, цвет 022 желтый, 2 кг",450,БеруСтрой
"Затирка для плиточных швов Старатели, цвет 023 оранжевый, 1 кг",300,БеруСтрой
"Затирка для плиточных швов Старатели, цвет 024 коралловый, 2 кг",300,БеруСтрой
"Затирка для плиточных швов Старатели, цвет 025 пурпурный, 1 кг",300,БеруСтрой
"Затирка для плиточных швов Старатели, цвет 025 пурпурный, 2 кг",450,БеруСтрой
"Затирка для плиточных швов Старатели, цвет 026 кирпичный, 1 кг",300,БеруСтрой
"Затирка для плиточных швов Старатели, цвет 026 кирпичный, 2 кг",450,БеруСтрой
"Затирка для плиточных швов Старатели, цвет 027 зеленая, 1 кг",300,БеруСтрой
"Затирка для плиточных швов Старатели, цвет 027 зеленый, 2 кг",450,БеруСтрой
"Затирка для плиточных швов Старатели, цвет 028 ярко- зеленый,1 кг",400,БеруСтрой
"Затирка для плиточных швов Старатели, цвет 028 ярко-зеленый, 2 кг",500,БеруСтрой
"Затирка для плиточных швов Старатели, цвет 029 эвкалипт, 1 кг",300,БеруСтрой
"Затирка для плиточных швов Старатели, цвет 029 эвкалипт, 2 кг",450,БеруСтрой
"Затирка для плиточных швов Старатели, цвет 030 снежная мята, 2 кг",450,БеруСтрой
"Затирка для плиточных швов Старатели, цвет 031 зеленый мох, 2 кг",450,БеруСтрой
"Затирка для плиточных швов Старатели, цвет 032 какао, 1 кг",300,БеруСтрой
"Затирка для плиточных швов Старатели, цвет 032 какао, 2 кг",450,БеруСтрой
"Затирка для плиточных швов Старатели, цвет 033 графит, 1 кг",300,БеруСтрой
"Затирка для плиточных швов Старатели, цвет 191 светло-бежевый, 1 кг",300,БеруСтрой
"Затирка для плиточных швов Старатели, цвет 321 коричневый, 1 кг",300,БеруСтрой
"Затирка для плиточных швов Старатели, цвет 321 коричневый, 2 кг",450,БеруСтрой
"Затирка для швов Старатели, цвет 007 голубой, 2 кг",450,БеруСтрой
"Силиконовый герметик Волма Контур, цвет белый, 290 мл",487,БеруСтрой
"Эпоксидная затирка Основит Плитсейв ХЕ 15 Е, цвет белый 010, 1 кг",2136,БеруСтрой
"Концентрированный очиститель эпоксидных остатков Основит Плитсейв SЕ1 Р, 0,5 л",1961,БеруСтрой
"Печная кладочная смесь Основит Печформ МF800, 25 кг",744,БеруСтрой
"Наливной пол самовыравнивающийся Волма Нивелир Экспресс, 20 кг",380,БеруСтрой
"Наливной пол Волма Нивелир Арена, 25 кг",480,БеруСтрой
"Наливной пол Старатели Быстротвердеющий самонивелирующийся, 25 кг",505,БеруСтрой
"Универсальный наливной пол Vetonit 4080, 20 кг","420,76",БеруСтрой
"Реперные маячки Veber Floor Level Marker, упаковка 30 шт","333,78",БеруСтрой
"Наливной пол для звукоизоляционных полов Vetonit 4350, 25 кг","1178,91",БеруСтрой
"Шпаклевка Кнауф Сейфборд Шпахтель, 5 кг","3777,12",БеруСтрой
"Смесь сухая цементная клеевая Волма Ультраклей С1 Т, 20 кг",1305,БеруСтрой
"Смесь сухая затирочная Волма Мультишов СG2 WA, ГОСТ Р 58271, цвет терракотовая, 2 кг",395,БеруСтрой
"Затирка для плиточных швов Старатели, цвет 001 кальцит, 2 кг",450,БеруСтрой
"Строительный гипс Основит Хардскрин RG10 R быстротвердеющий, 5 кг",360,БеруСтрой
Концентрированный очиститель эпоксидных остатков ОСНОВИТ ПЛИТСЭЙВ SЕ1 Р (0.5 л),1833,БеруСтрой
Эпоксидная затирка эластичная ОСНОВИТ ПЛИТСЭЙВ ULTRA XE15 Е белый 010 (1 кг),1995,БеруСтрой
"Кладочный раствор Основит Брикформ MC11 для кирпича облицовочный, цвет желтый 070, 25 кг",847,БеруСтрой
"Кладочный раствор Основит Брикформ MC11 для облицовочного кирпича, цвет бежевый 030, 25 кг",729,БеруСтрой
"Кладочный раствор Основит Брикформ MC11 для облицовочного кирпича, цвет коричневый 040, 25 кг",1049,БеруСтрой
"Кладочный раствор Основит Брикформ MC11 для облицовочного кирпича, цвет шоколадный 045, 25 кг",1245,БеруСтрой
"Кладочный раствор Основит Путформ MC114 теплоизоляционный, 20 кг",593,БеруСтрой
"Подливочный состав Indastro Иннолайн NC60, 25 кг",1756,БеруСтрой
"Кладочный раствор Основит  Рокформ MC110 для облицовочного и рядового кирпича, забутовки, 25 кг",338,БеруСтрой
"Кладочный раствор Основит Брикформ MC11 для облицовочного кирпича, цвет светло-бежевый 034, 25 кг",702,БеруСтрой
"Кладочный раствор Основит Брикформ MC11 для облицовочного кирпича, цвет гранитно-серый 026, 25 кг",708,БеруСтрой
"Кладочный раствор Основит Брикформ MC11 для облицовочного кирпича, цвет графит 023, 25 кг",997,БеруСтрой
"Кладочный раствор Основит Брикформ MC11 для облицовочного кирпича, цвет ореховый 036, 25 кг",952,БеруСтрой
"Кладочный раствор Основит Брикформ MC11 для облицовочного кирпича, цвет светло-серый 021, 25 кг",663,БеруСтрой
"Кладочный раствор Основит Брикформ MC11 для облицовочного кирпича, цвет супербелый 011, 25 кг",887,БеруСтрой
"Кладочный раствор Основит Брикформ MC11 F зимний для облицовочного кирпича, цвет белый 010, 25 кг",818,БеруСтрой
Штукатурка гипсовая серая РН и МН Основит Техно PG26/1 M (30кг) (50) 89498,443,БеруСтрой
"Накапливающая штукатурка Indastro Реноарт RL40, 17,5 кг",2096,БеруСтрой
"Ровнитель комплексный Основит Ниплайн FK47 самовыравнивающийся, 25 кг",487,БеруСтрой
"Ровнитель цементный Основит Ниплайн FC47 высокопрочный самовыравнивающийся, 25 кг",538,БеруСтрой
"Затирка эластичная Основит Плитсэйв XC6 E, цвет жасмин 013, 2 кг",549,БеруСтрой
"Раствор для расшивки швов кладки Основит Бриксэйв XC30, цвет 020 серый, 20 кг",948,БеруСтрой
"Раствор для расшивки швов кладки Основит Бриксэйв XC30, цвет светло-бежевый 034, 20 кг",926,БеруСтрой
"Раствор для расшивки швов кладки Основит Бриксэйв XC30, цвет светло-серый 021, 20 кг",926,БеруСтрой
"Раствор для заполнения швов брусчатки Основит Флайформ XC50 Wр водонепроницаемая, цвет коричневый 040, 25 кг",1899,БеруСтрой
"Стяжка пола цементная базовая армированная Основит Стартолайн FC40, 25 кг",302,БеруСтрой
"Стяжка пола цементная Основит Стартолайн FC41 высокопрочная, 25 кг",361,БеруСтрой
"Антикоррозионный состав Индастро Профскрин LC2.5, 25 кг",4003,БеруСтрой
"Ремонтный состав Индастро Профскрин RC60, 25 кг",1954,БеруСтрой
"Ремонтный состав Indastro Профскрин RC45 F, 25 кг",2081,БеруСтрой
"Ремонтный состав Indstro Профскрин RC60 RLq, 25 кг",4658,БеруСтрой
"Ремонтный состав Indastro Профскрин RC35 Sm, 25 кг",2257,БеруСтрой
"Ремонтный состав Indastro Профскрин RC30 SmR, 25 кг",1716,БеруСтрой
"Ремонтный состав Indastro Профскрин RC80, 25 кг",1952,БеруСтрой
"Финишный ремонтный состав Indastro Профскрин RC40 Sm, 25 кг",3835,БеруСтрой
"Противоморозная добавка Основит Сэйфскрин SN1, 10 л",1612,БеруСтрой
"Штукатурка гипсовая Основит Техно PG26/1 M, цвет серый, 30 кг",474,БеруСтрой
"Штукатурка цементно-известковая Основит Техно PC21 M, цвет серый, 40 кг",505,БеруСтрой
Штукатурка цементная ручного и машинного нанесения зимняя ОСНОВИТ ТЕХНО PC21/2 MF (25 кг),431,БеруСтрой
"Штукатурка цементная Основит Стартвэлл PC22 H высокопрочная (М100), 25 кг",418,БеруСтрой
"Штукатурка декоративная Основит Экстервэлл OS-2.0 WS фактура шуба, цвет белый, 25 кг",1204,БеруСтрой
"Штукатурка декоративная Основит Экстревэлл OS-2.5 WK фактура короед, цвет белый, 25 кг)",1204,БеруСтрой
"Штукатурка цементная Основит Техно PC21/2 MF зимняя, 25 кг",431,БеруСтрой
"Штукатурка гипсовая Основит Техно PK27 M влагостойкая, 40 кг",560,БеруСтрой
"Шпаклевка гипсовая Основит Шовсилк PG33 H, 20 кг",1439,БеруСтрой
"Шпаклевка гипсовая Стройбриг Генфир PG35 MW, цвет белый, 20 кг",511,БеруСтрой
"Шпатлевка полимерная Основит Элисилк PP 37 W суперфинишная, 20 кг",899,БеруСтрой
"Шпатлевка полимерная Основит Эконсилк РР38 W, цвет белый, 20 кг",759,БеруСтрой
"Шпаклевка готовая Основит Элисилк PA39 W суперфинишная, 28 кг",2380,БеруСтрой
"Клей плиточный Основит Мастпликс АС13 Класс C1 T, 25 кг",731,БеруСтрой
"Клей для брусчатки и камня Основит Флайформ AC20 T выравнивающий, 25 кг",950,БеруСтрой
"Клей для блоков Основит Техно MC112 F зимний, 40 кг",696,БеруСтрой
"Клей для блоков Основит Техно MC112, 40 кг",567,БеруСтрой
"Клеевая смесь для теплоизоляции Основит Каверпликс AC117 F зимняя, 25 кг",952,БеруСтрой
"Клеевая смесь Основит Каверпликс TC117 F зимняя, 25 кг",1120,БеруСтрой
"Затирка эластичная Основит Плитсэйв XC6 E, цвет кирпичный 044, 2 кг",635,БеруСтрой
"Затирка эластичная Основит Плитсэйв ХС6 Е, цвет багамы 031, 20 кг",13654,БеруСтрой
"Затирка эластичная Основит Плитсэйв XC6 E, цвет графит 023, 2 кг",635,БеруСтрой
"Концентрированный очиститель эпоксидных остатков Основит Плитсэйв SЕ1 Р, 0.5 л",1961,БеруСтрой
"Эпоксидная затирка эластичная Основит Плитсэйв ULTRA XE15 Е, цвет айвори 102, 1 кг",2033,БеруСтрой
"Эпоксидная затирка эластичная Основит Плитсэйв ULTRA XE15 Е, цвет белый 010, 1 кг",2136,БеруСтрой
"Эпоксидная затирка эластичная Основит Плитсэйв XE15 Е, цвет светло-коричневый 041, 2 кг",3625,БеруСтрой
"Эпоксидная затирка эластичная Основит Плитсэйв XE15 Е, цвет темно-коричневый 042, 2 кг",3625,БеруСтрой
"Эпоксидная затирка эластичная Основит Плитсэйв XE15 Е, цвет черный 025, 2 кг",3625,БеруСтрой
"Наливной пол комплексный Основит Ровилайн FK46 суперфинишный, 20 кг",804,БеруСтрой
"Цементная штукатурка Litokol Litoplan, 25 кг","596,70",БеруСтрой
"Ровнитель для пола Litokol LitoLiv Basis, 25 кг","320,46",БеруСтрой
"Двухкомпонентный клей Litokol Litoelastic для склеивания всех типов облицовочных материалов, 10 кг","10844,40",БеруСтрой
"Клей Litokol Betonkol К7 для блоков и кирпичей, 25 кг","339,15",БеруСтрой
"Латексная добавка Litokol Latexkol для цементного клея, 3,75 кг","3686,80",БеруСтрой
"Латексная добавка Litokol Latexkol, 8,5 кг",9750,БеруСтрой
"Добавка латексная Litokol Idrostuk, 10 кг","5050,50",БеруСтрой
"Латексная добавка для затирок Litokol Idrostuk, 1,5 кг","1518,40",БеруСтрой
"Эпоксидная затирка Litokol Starlike Defender, цвет С.240 Antracite, антибактериальная,1 кг","1259,70",БеруСтрой
"Эпоксидная затирка Litokol Starlike Defender, цвет C.250 SABBIA, антибактериальная, 1 кг","1259,70",БеруСтрой
"Декоративная добавка Litokol Finishes Gold, 0,075 кг","2798,90",БеруСтрой
"Декоративная добавка Litokol Stralike Bronze, 0,2 кг","3504,80",БеруСтрой
"Добавка перламутровая Litokol Starlike Finishes GALAXY, 0,15 кг",2340,БеруСтрой
"Добавка перламутровая Litokol Starlike Finishes Galaxy, 0,075 кг","1869,40",БеруСтрой
"Универсальный очиститель Litokol Litonet, 1 кг","1896,70",БеруСтрой
"Пропитка для швов Litokol Litolast, 10 кг","5683,60",БеруСтрой
"Самовыравнивающая смесь Litokol LitoLiv S30 для пола, 25 кг","1589,22",БеруСтрой
"Клей Litokol K-80 белый, 25 кг","906,12",БеруСтрой
"Сухая клеевая смесь Litokol К-44 белый на основе белого цемента, 25 кг","855,36",БеруСтрой
"Двухкомпонентный клей Litokol Litoelastic, 5 кг","6546,80",БеруСтрой
"Смесь клеевая Litokol К80 ECO беспылевая, 25 кг","920,85",БеруСтрой
"Клеевая смесь Litokol K17, 5 кг","218,40",БеруСтрой
"Двухкомпонентный клей Litokol Litoelastic EVO, 5 кг","5905,20",БеруСтрой
"Клей усиленный фиброволкном Litokol Litoflex K80 для плитки, керамогранита и камня, 5 кг","381,24",БеруСтрой
"Двухкомпонентный клей Litokol Litoelastic EVO, 10 кг","10844,40",БеруСтрой
"Клей быстротвердеющий Litokol К98 для плтики, керамогранита и камня, 25 кг","2292,15",БеруСтрой
"Клей для плитки Litokol К47, для внутренних работ, 25 кг","424,44",БеруСтрой
"Добавка латексная Litokol Idrostuk для затирки, 5 кг",3848,БеруСтрой
"Добавка латексная Litokol Idrostuk для затирки, 0,8 кг","993,20",БеруСтрой
"Цементная затирка Litokol Litochrom 1-6 EVO, цвет LE 225 бежевый, 25 кг","2115,30",БеруСтрой
"Цементная затирка Litokol Litochrome 1-6 EVO, цвет LE 205 жасмин, 25 кг","2115,30",БеруСтрой
"Цементная затирка Litokol Litochrom 1-6 EVO, цвет LE 125 дымчатый серый, 25 кг","2277,60",БеруСтрой
"Цементная затирка Litokol Litochrom 1-6 EVO, цвет LE 135 антрацит, 25 кг","2290,20",БеруСтрой
"Цементная штукатурка Litokol Litochrom 1-6 EVO, цвет LE 210 карамель, 25 кг","2277,60",БеруСтрой
"Цементная штукатурка Litokol Litochrom 1-6 EVO, цвет LE 220 песочный, 25 кг","2277,60",БеруСтрой
"Жидкий очиститель Litokol Litonet Pro для эпоксидной затирки, 0,5 кг","1253,20",БеруСтрой
"Добавка блестящая Litokol Starlike Finishes SPOTLIGHT серебристая, 0,15 кг",2340,БеруСтрой
"Добавка Litokol Starlike Finishes Platinum для эпоксидных затирок, цвет платиновый, 0,1 кг","3732,30",БеруСтрой
"Очищающий гель Litokol Litostrip для удаления эпоксидных составов, 0,75 л","5665,40",БеруСтрой
"Добавка Starlike Finishes Bronze, цвет бронзовый, 100 грамм","2798,90",БеруСтрой
"Декоративная добавка Litokol Starlike Finishes Copper, цвет медный, 100 грамм","3732,30",БеруСтрой
"Добавка Litokol Starlike Galaxy для эпоксидных затирок, цвет белый, 0,03 кг","1051,70",БеруСтрой
Сменный блок для шпателя Litokol 109W,"263,90",БеруСтрой
Губка синтетическая Litokol 128G для уборки эпоксидной и цементной затирки,"280,80",БеруСтрой
"Самовыравнивающаяся смесь Litokol Litoliv S10 Express, 20 кг","588,60",БеруСтрой
"Штукатурный состав Litokol Litoplan Rapid, 25 кг",1846,БеруСтрой
"Базовый штукатурный состав Litokol Litotherm Base, 25 кг","1103,70",БеруСтрой
"Ровнитель для пола Litokol Litocem Pronto высокопрочный, 25 кг","475,24",БеруСтрой
"Клей беспылевой Litokol К44 ECO для плитки, цвет серый, 25 кг","680,40",БеруСтрой
"Клей Litokol X11 EVO для плитки, 5 кг","238,35",БеруСтрой
"Клей плиточный Litokol Litofloor K66, 25 кг",609,БеруСтрой
"Клеевая смесь Litokol Litostone К99 белая, 25 кг","2902,90",БеруСтрой
"Клей дисперсионный Litokol Litoacril plus, 5 кг","1695,20",БеруСтрой
"Клей эластичный Litokol SuperFlex K77 белый, 25 кг","2770,95",БеруСтрой
"Клей для фасадного утеплителя Litokol Litotherm Adesivo, 25 кг","907,40",БеруСтрой
"Латексная добавка Litokol Latexkol, 20 кг",16380,БеруСтрой
"Декоративная добавка Litokol Starlike Finishes Gold, цвет золотой, 150 гр","3503,50",БеруСтрой
"Декоративная добавка Litokol Starlike Finishes Shining Gold, цвет ярко-золотой, 100 гр","2798,90",БеруСтрой
"Моющее средство Litokol Litonet EVO для плитки, 0,5 л","1233,70",БеруСтрой
Губка целлюлозная Litokol для уборки эпоксид затирки,"655,20",БеруСтрой
"Шпатель Litokol для эпоксидной затирки, артикул 108","565,50",БеруСтрой
"Ремонтный состав Litokol CR55FT Winter, 25 кг","1666,61",БеруСтрой
"Латесная добавка Litokol Idrokol X20, 10 кг","11720,80",БеруСтрой
"Латексная добавка Litokol Idrokol X20, канистра 20 кг","22302,80",БеруСтрой
"Выравнивающий состав Litokol CR300 на основе цемента, 25 кг",327,БеруСтрой
"Декоративная штукатурка Litokol Litotherm Factura Sil 2,0 мм, база 1, 25 кг","6472,70",БеруСтрой
"Клей Litokol X11 EVO для мрамора,мозаики,25 кг","456,75",БеруСтрой
"Клей Litokol X11 EVO для плитки, керамогранита, камня, 5 кг","238,35",БеруСтрой
"Цементная штукатурка Litokol Litochrome 1-6 EVO, цвет LE 115 светло-серый, 2 кг",338,БеруСтрой
"Цементная затирка Litokol Litochrome 1-6 EVO, цвет LE 120 жемчужно-серый, 2 кг","328,90",БеруСтрой
"Цементная затирка Litokol Litochrome 1-6 EVO, цвет LE 125 дымчатый серый, 2 кг","328,90",БеруСтрой
"Цементная затирка Litokol Litochrome 1-6 EVO, LE 125 дымчатый серый, 5 кг","610,50",БеруСтрой
"Цементная затирка Litokol Litocrome 1-6 EVO, LE 130 серый, 5 кг","610,50",БеруСтрой
"Цементная штукатурка Litokol Litochrome 1-6 EV, цвет LE 135 антрацит, 2 кг","369,20",БеруСтрой
"Цементная затирка Litokol Litochrome 1-6 EVO, LE 140 мокрый асфальт, 2 кг","359,70",БеруСтрой
"Цеметная затирка Litokol Litochrome 1-6 EVO, цвет LE 140 мокрый асфальт, 2 кг","359,70",БеруСтрой
"Цеметная затирка Litokol Litochrome 1-6 EVO, LE 200 белый, 5 кг","610,50",БеруСтрой
"Цеметная затирка Litokol Litochrome 1-6 EVO, цвет LE 230 багамы, 2 кг","328,90",БеруСтрой
"Цементная затирка Litokol Litochrome 1-6 EVO, LE 230 багамы, 5 кг","610,50",БеруСтрой
"Цеметная затирка Litokol Litochrome 1-6 EVO, LE 235 коричневый, 2 кг","392,70",БеруСтрой
"Цементная затирка Litokol Litochrome 1-6 EVO, LE 245 горький шоколад,  5 кг","834,90",БеруСтрой
"Цементная затирка для швов Litokol Litochrom Luxury EVO, цвет LLE 100 пепельно-белый, 2 кг","629,20",БеруСтрой
"Цементная затирка Litokol Litochrome Luxury EVO, цвет LLE 105 серебристо-серый, 2 кг","629,20",БеруСтрой
"Цементная затирка Litokol Litochrom Luxury EVO, цвет LLE 110 стальной серый, 2 кг","570,90",БеруСтрой
"Цементная затирка Litokol Litochrome Luxury EVO, цвет LLE 115 светло-серый, 2 кг","629,20",БеруСтрой
"Цеметная затирка Litokol Litochrom Luxury EVO, цвет LLE 120 жемчужно-серый, 2 кг","570,90",БеруСтрой
"Цементная затирка Litokol Litochrom Luxury EVO, цвет LLE 125 дымчатый серый, 2 кг","570,90",БеруСтрой
"Цементная штукатурка Litokol Litochrom Luxury EVO, LLE 130 серый, 2 кг","629,20",БеруСтрой
"Цементная затирка Litokol Litochrom Luxury EVO, цвет LLE 135 антрацит, 2 кг","629,20",БеруСтрой
"Цементная затирка Litokol Luxury EVO, цвет LLE 140 мокрый асфальт, 2 кг","629,20",БеруСтрой
"Цементная затирка Litokol Litochrom Luxury EVO, LLE 145 черный уголь, 2 кг","735,90",БеруСтрой
"Цементная затирка Litokol Litochrom Luxury EVO, цвет LLE 200, 2 кг","570,90",БеруСтрой
"Цементная затирка Litokol Litochrom Luxury EVO, цвет LLE 205 жасмин, 2 кг","570,90",БеруСтрой
"Эпоксидный состав Litokol Epoxystuk X90, цвет C.00 BIANCO, 10 кг",6305,БеруСтрой
"Эпоксидный состав Litokol Epoxystuk X90, цвет C.00 BIANCO, 5 кг","3253,90",БеруСтрой
"Эпоксидный состав Litokol Epoxystuk X90, цвет C.15 GRIGIO FERRO, 5 кг",13248,БеруСтрой
"Ремонтный состав Litokol CR 55FT для бетона, 25 кг","1423,54",БеруСтрой
"Ремонтный состав Litokol CR 55FT Fine для бетона и железобетона, 25 кг","1510,74",БеруСтрой
"Гипсовая штукатурка Litokol Litogips, серая, 30 кг","643,50",БеруСтрой
"Затирка Litokol Litochrom 1-6 EVO, цвет LE 125 дымчатый серый, цементная, 25 кг","2115,30",БеруСтрой
"Затирка Litokol Litochrom 1-6 EVO, цвет LE 210 карамель, цементная, 25 кг","2115,30",БеруСтрой
"Затирка Litokol Litochrom 1-6 EVO, цвет LE 220 песочный, цементная 25 кг","2115,30",БеруСтрой
"Затирка Litokol Litochrom Luxury EVO, LLE 130 серый, цементная, 2 кг","629,20",БеруСтрой
"Цементная затирка Litokol Luxury EVO, цвет LLE 235 коричневый, 2 кг","629,20",БеруСтрой
"Затирка Litokol Litochrom Luxury EVO,цвет LLE 210 карамель, цементная, 2 кг","570,90",БеруСтрой
"Затирка Litokol Litochrom Luxury EVO, цвет LLE 215 крем-брюле, цементная, 2 кг","570,90",БеруСтрой
"Затирка Litokol Litochrom Luxury EVO, цвет LLE 220 песочный, цементная, 2 кг","570,90",БеруСтрой
"Затирка Litokol Litochrom Luxury EVO, цвет LLE 230 багамы, цементная, 2 кг","570,90",БеруСтрой
"Затирка Litokol Litochrom Luxury EVO, цвет LLE 235 коричневый, цементная, 2 кг","629,20",БеруСтрой
"Затирка Litokol Litochrom Luxury EVO, цвет LLE 240 венге, цементная, 2 кг","735,90",БеруСтрой
"Затирка Litokol Litochrom Luxury EVO, цвет LLE 245 горький шоколад, цементная, 2 кг","735,90",БеруСтрой
"Затирка Litokol Litochrom Luxury EVO, цвет LLE 320 шампань, цементная, 2 кг","570,90",БеруСтрой
"Затирка Litokol Starlike EVO, цвет C.113 Neutro, эпоксидная, 2,5 кг","6177,60",БеруСтрой
"Затирка Litokol Starlike EVO, цвет S.100 Bianco Assoluto, эпоксидная, 5 кг","10570,30",БеруСтрой
"Затирка Litokol Starlike EVO, цвет S.100 Bianco Assoluto, эпоксидная, 1 кг","2749,50",БеруСтрой
"Затирка Litokol Starlike EVO, цвет S.100 Bianco Assolute, эпоксидная,  2,5 кг","6177,60",БеруСтрой
"Затирка Litokol Starlike EVO, цвет S.102 Bianco Ghiaccio, эпоксидная, 2,5 кг","6177,60",БеруСтрой
"Затирка Litokol Starlike EVO, цвет S.105 Bianco Titanio, эпоксидная, 2,5 кг","6177,60",БеруСтрой
"Затирка Litokol Starlike EVO, цвет S.110 Grigio Perla, эпоксидная, 5 кг","10570,30",БеруСтрой
"Затирка Litokol Starlike EVO, цвет S.110 Grigio Perla, эпоксидная, 1 кг","2749,50",БеруСтрой
"Затирка Litokol Stralike EVO, цвет S.113 Neutro, эпоксидная, 2,5 кг","6177,60",БеруСтрой
"Затирка Litokol Starlike EVO, цвет S.115 Grigio Seta, эпоксидная, 5 кг","10570,30",БеруСтрой
"Затирка Litokol Starlike EVO, цвет S.115 Grigio Seta, экспозиция, 2,5кг","6177,60",БеруСтрой
"Затирка Litokol Starlike EVO, цвет S.125 Grigio Cemento, эпоксидная, 5 кг","10570,30",БеруСтрой
"Затирка Litokol Starlike EVO, цвет S.130 Grigio Ardesia, эпоксидная, 2,5 кг","6177,60",БеруСтрой
"Затирка Litokol Starlike EVO, цвет S.140 Nero Grafite, эпоксидная, 2,5 кг","6177,60",БеруСтрой
"Затирка Litokol Starlike EVO, S.145 Nero Carbonio, эпоксидная, 5 кг","10570,30",БеруСтрой
"Затирка Litokol Starlike EVO, S.145 Nero Carbonio, эпоксидная, 1 кг","2749,50",БеруСтрой
"Затирка Litokol Starlike EVO, S.200 Avorio, эпоксидная, 2,5 кг","6177,60",БеруСтрой
"Затирка Litokol Starlike EVO, S.200 Avorio, эпоксидная, 1 кг","2749,50",БеруСтрой
"Затирка Litokol Starlike EVO, S.205, эпоксидная, 1 кг","2749,50",БеруСтрой
"Затирка Litokol Starlike EVO, цвет S.208 Sabbia, эпоксидная, 2,5 кг","6177,60",БеруСтрой
"Затирка Litokol Starlike EVO, цвет S.209 Pietra D`Assisi, эпоксидная, 2,5 л","6177,60",БеруСтрой
"Затирка Litokol Starlike EVO, цвет S.210, эпоксидная, 5 кг","10570,30",БеруСтрой
"Затирка Litokol Starlike EVO, цвет S.210 Greige, эпоксидная 2,5 кг","6177,60",БеруСтрой
"Затирка Litokol Starlike EVO, цвет S.225, эпоксидная, 2,5 кг","6177,60",БеруСтрой
"Затирка Litokol Starlike EVO, цвет S.225 Tabacco, эпоксидная, 1 кг","2749,50",БеруСтрой
"Затирка Litokol Starlike EVO, цвет S.205, эпоксидная, 2,5 кг","6177,60",БеруСтрой
"Затирка Litokol Starlike EVO, цвет S.230 Cacao, эпоксидная, 2,5 кг","6177,60",БеруСтрой
"Затирка Litokol Starlike EVO, цвет S.232 Cuoio, эпоксидная, 2,5 кг","6177,60",БеруСтрой
"Затирка Litokol Starlike EVO, цвет S.235 Caffe, эпоксидная, 2,5кг","6177,60",БеруСтрой
"Затирка Litokol Starlike EVO, цвет S.300 Azzuro Pastello, эпоксидная, 2,5 кг","6177,60",БеруСтрой
"Затирка Litokol Starlike EVO, цвет S.350 Blu Zaffiro, эпоксидная 5 кг","10570,30",БеруСтрой
"Затирка Litokol Starlike EVO, цвет S.430 Verde Pino, эпоксидная, 2,5 кг","6177,60",БеруСтрой
"Затирка Litokol Starlike  EVO, цвет S.530 Viola Ametista, эпоксидная, 2,5 кг","6177,60",БеруСтрой
"Затирка Litokol Starlike EVO, цвет S.700 Crystal, эпоксидная 5 кг","10570,30",БеруСтрой
"Затирка Litokol Starlike EVO, цвет  S.700 Crystal, эпоксидная, 1 кг","2749,50",БеруСтрой
"Затирка Litokol Starlike EVO, цвет S.800 Grigio Oslo, эпоксидная, 2,5 кг",0,БеруСтрой
"Затирка Litokol Starlike EVO, цвет S.810 Verde Capri, эпоксидная,  2,5 кг","6177,60",БеруСтрой
"Затирка Litokol Starlike EVO, цвет C.240 Moka, эпоксидная, 2,5 кг","6177,60",БеруСтрой
"Затирка Litokol Starlike EVO, цвет S.310 Azzurro Polvere, эпоксидная, 2,5 кг","6177,60",БеруСтрой
"Затирка Litokol Starlike EVO, цвет S.105 Bianco Titanio, эпоксидная, 5 кг","10570,30",БеруСтрой
"Затирка Litokol Starlike EVO, цвет S.115 Grigio Seta, эпоксидная, 2,5 кг","6177,60",БеруСтрой
"Затирка Litokol Starlike EVO, цвет S.140 Nero, эпоксидная, 5 кг","10570,30",БеруСтрой
"Затирка Litokol Starlike EVO, цвет S.145 Nero Carbonio, эпоксидная, 2,5 кг","6177,60",БеруСтрой
"Затирка Litokol Starlike EVO, цвет S.200 Avorio, эпоксидная, 2,5 кг","6177,60",БеруСтрой
"Затирка Litokol Starlike EVO, цвет S.202 Naturale, эпоксидная, 2,5 кг","6177,60",БеруСтрой
"Затирка Litokol Starlike EVO, цвет S.210 Greicge, эпоксидная, 1 кг","2749,50",БеруСтрой
"Затирка Litokol Starlike EVO, цвет S.210 Greige, эпоксидная, 2,5 кг","6177,60",БеруСтрой
"Затирка Litokol Starlike EVO, цвет S.215 Tortora, эпоксидная, 1 кг","2749,50",БеруСтрой
"Затирка Litokol Starlike EVO, цвет S.232 Cuoio, эпоксидная, 1 кг","2749,50",БеруСтрой
"Затирка Litokol Starlike EVO, цвет S.300 Azzuro Pastello, эпоксидная, 5 кг","10570,30",БеруСтрой
"Затирка Litokol Starlike EVO, цвет S.430 Verde Pino, эпоксидная, 5 кг","10570,30",БеруСтрой
"Затирка Litokol Starlike EVO, цвет S.500 Rosa Cipria, эпоксидная, 2,5 кг","6177,60",БеруСтрой
"Затирка Litokol Starlike EVO, цвет S.700 Crystal, эпоксидная, 2,5 кг","6177,60",БеруСтрой
"Затирка Litokol Starlike EVO, цвет S.225 Tabacco, эпоксидная 5 кг","10570,30",БеруСтрой
"Стяжка пола цементная Основит Стартолайн FC40 базовая армированная, 25 кг",320,БеруСтрой
"Затирка Litokol Litochrom 1-6 EVO, цвет LE 115 светло-серый, цементная, 2 кг","328,90",БеруСтрой
"Затирка Litokol Litochrom 1-6 EV, цвет LE 135 антрацит, цементная, 2 кг","359,70",БеруСтрой
"Клей плиточный Unis Юнис Плюс, 5 кг","293,18",БеруСтрой
"Клей плиточный Unis XXI экономичный, 5 кг","222,56",БеруСтрой
"Клей универсальный Unis Теплофасад, 25 кг","842,09",БеруСтрой
"Ремонтный состав Unis REM-50, 20 кг","829,25",БеруСтрой
"Цементный состав Unis, белый, 5 кг","357,38",БеруСтрой
"Цементный состав Unis, серый, 5 кг","254,66",БеруСтрой
"Юнис Алебастр, 5 кг","225,77",БеруСтрой
"Шпатлевка цементная Unis Fasad Finish, 20 кг","894,52",БеруСтрой
"Шпатлевка цементная Unis Fasad Finish,  5 кг","510,39",БеруСтрой
"Шпатлевка цементная Unis Fasad, 20 кг","629,16",БеруСтрой
"Мел Unis, 5 кг","212,93",БеруСтрой
"Шпатлевка гипсовая Unis Блик, 5 кг","283,55",БеруСтрой
"Шпатлевка гипсовая Unis Блик, 18 кг","755,42",БеруСтрой
"Шпатлевка для швов ГКЛ Unis GS-110 GipsSeam,15 кг","808,92",БеруСтрой
"Шпатлевка полимерная Unis Белый Жемчуг, 18 кг","755,42",БеруСтрой
"Шпатлевка полимерная Unis Теплон Pasta готовая, 15 кг","1256,18",БеруСтрой
"Шпатлевка полимерная Unis Теплон Pasta готовая, 28 кг","2210,62",БеруСтрой
"Ровнитель для пола Unis Горизонт Hydro влагостойкий, 25 кг","402,32",БеруСтрой
"Ровнитель для пола Unis Горизонт армированный, 25 кг","422,65",БеруСтрой
"Ровнитель для пола Unis Горизонт Termofloor легкий, 20 кг","800,36",БеруСтрой
"Клей плиточный Unis Uniflex U-100 эластичный, 5 кг","363,80",БеруСтрой
"Клей плиточный Unis Белфикс белый, для стеклянной, мозаичной плитки и мрамора, 5 кг","350,96",БеруСтрой
"Клей плиточный Unis Бассейн Hydro влагостойкий, 25 кг","895,59",БеруСтрой
"Клей плиточный Unis Белфикс белый, для стеклянной, мозаичной плитки и мрамора, 25 кг","1094,61",БеруСтрой
"Клей плиточный Unis U-500 SuperFlex, 15 кг","2849,41",БеруСтрой
"Клей плиточный Гранит Зимний, 25 кг","881,68",БеруСтрой
"Клей плиточный Unis 2000, 5 кг","252,52",БеруСтрой
"Клей плиточный Unis U-300 MaxiFlex, 25 кг","1399,56",БеруСтрой
"Клей плиточный Unis U-200 высокопластичный, 25 кг","1274,37",БеруСтрой
"Клей плиточный Термо Плюс, 25 кг","1166,30",БеруСтрой
"Клей плиточный Unis Термо Плюс, 5 кг","403,39",БеруСтрой
"Клей Unis Униблок Зимний цементный кладочно-монтажный, 25 кг","448,33",БеруСтрой
"Клей Unis Униблок цементный кладочно-монтажный, 25 кг","422,65",БеруСтрой
"Клей монтажный Unis Теплофасад Зимний для теплоизоляции, 25 кг","910,57",БеруСтрой
"Наливной пол Unis Горизонт Nivelir финишный, 20 кг","648,42",БеруСтрой
"Наливной пол Unis Горизонт Монолит универсальный быстротвердеющий, 20 кг","602,41",БеруСтрой
"Наливной пол Unis Горизонт Profi цементный, 20 кг","1080,70",БеруСтрой
"Ремонтный состав Unis REM-50, 5 кг","291,04",БеруСтрой
"Штукатурка гипсовая Unis Теплон армированная, 30 кг","549,98",БеруСтрой
"Штукатурка гипсовая Unis Теплон белый, 5 кг","262,15",БеруСтрой
"Декоративная штукатурка Unis Шуба-Декор, 25 кг","1093,54",БеруСтрой
"Штукатурка цементная Unis Силин Универсальный армировованная, 25 кг","418,37",БеруСтрой
"Штукатурка цементная Unis Силин Фасадный, 25 кг","527,51",БеруСтрой
"Штукатурка гипсовая Unis Теплон Белый, 15 кг","573,52",БеруСтрой
"Штукатурка гипсовая Unis Теплон Универсальный, влагостойкая, 25 кг","539,28",БеруСтрой
"Цементная шпатлевка Vetonit VH, цвет серый, 20 кг","574,95",БеруСтрой
"Наливной пол Penoplex Fastmix, 25 кг","419,44",БеруСтрой
Финишный пол Основит Гардлайн FE01 полимерный,7355,БеруСтрой
Средство для удаления цемента ОСНОВИТ СЭЙФСКРИН SGl1 (0.75 л),612,БеруСтрой
Удалитель плесени ОСНОВИТ СЭЙФСКРИН SBd2 (0.75 л),699,БеруСтрой
"Смесь сухая затирочная Волма Мультишов СG2 WA, ГОСТ Р 58271, цвет терракотовый, 2 кг",395,БеруСтрой
"Гипсовая шпатлевка Gyproc FAST-60, 20кг",267,БеруСтрой
"Полимерная финишная шпаклевка Vetonit LR+, 20 кг",950,БеруСтрой
"Клей Litokol К-80 усиленный для плитки, керамогранита и камня, цвет серый, 25 кг","989,28",БеруСтрой
"Универсальный наливной пол Vetonit 4000, 20 кг","471,59",БеруСтрой
"Клей Litokol К-55 Белый для мозаики, 25 кг","1210,68",БеруСтрой
"Клей плиточный Волма Керамик+, 25 кг",441,БеруСтрой
"Штукатурно-клеевая смесь Litokol Litotherm Cottage, 25 кг",702,БеруСтрой
"Ровнитель для пола быстротвердеющий Vetonit 5000, 25 кг","1009,05",БеруСтрой
"Наливной пол Litokol LitoLiv S50 самовыравнивающийся, 20 кг","407,66",БеруСтрой
"Цементная шпаклевка влагостойская Vetonit VH, белый 20 кг","790,43",БеруСтрой
"Шпаклевка финишная для стен и потоков Vetonit KR, 20 кг","749,09",БеруСтрой
"Суперфинишный наливной пол Vetonit 3000, 20 кг","1029,89",БеруСтрой
"Цементная штукатурка Vetonit ТТ40, 25 кг","363,94",БеруСтрой
"Финишная гипсовая шпатлевка Волма Arctic, 20 кг",489,БеруСтрой
"Клей плиточный Волма Керамик, 25 кг",391,БеруСтрой
"Высокопрочный наливной пол Vetonit 4100, 20 кг","971,81",БеруСтрой
"Клей для керамогранита среднего и крупного формата Ветонит Изи Фикс +, 25 кг","430,48",БеруСтрой
"Клееввая смесь Litokol К17, 25 кг","443,10",БеруСтрой
"Гипсовая штукатурка Волма Холст, 30кг","500,25",БеруСтрой
"Смесь сухая цементная клеевая Волма Интерьер, 25 кг",312,БеруСтрой
"Клей монтажный гипсовый для ГКЛ и ПГП Волма Монтаж, 30 кг",486,БеруСтрой
"Штукатурка гипсовая Основит Техно PK27 M влагостойкая, 30 кг",420,БеруСтрой
"Шпатлевка финишная Старатели Гипсовая, 20 кг",580,БеруСтрой
"Наливной пол Knauf Titalin, 20 кг","399,72",БеруСтрой
"Базовая цементная штукатурка Litokol Litoplan Base, 25 кг","397,50",БеруСтрой
"Гипсовая штукатурка машинного нанесения Кнауф МП-75, 30 кг","462,14",БеруСтрой
"Гипсовая штукатурка универсальная Кнауф Ротбанд, 30 кг","558,98",БеруСтрой
"Цементная штукатурка Vetonit ТТ30 лайт, 25кг","290,60",БеруСтрой
"Гипсовая усиленная штукатурка Vetonit Profi Gyps, 25 кг","462,76",БеруСтрой
"Клей высокопрочный Волма Мультиклей, 25 кг",525,БеруСтрой
"Клей для плитки и керамогранита Ветонит Гранит Фикс С2, 25 кг","591,50",БеруСтрой
"Клей монтажный тонкослойный Волма Блок, 25 кг",372,БеруСтрой
"Финишная шпаклевка Vetonit L, 20 кг","611,64",БеруСтрой
"Шпатлевка Старатели Базовая Гипсовая, 20 кг",440,БеруСтрой
"Клей плиточный усиленный Кнауф Флизен Плюс, 25 кг","556,04",БеруСтрой
"Гипсовая штукатурка машинного нанесения Волма Гипс-Актив Экстра, 30 кг",492,БеруСтрой
"Цеметная затирка Litokol Litochrome 1-6 EVO, LE 130 серый, 2 кг","359,70",БеруСтрой
"Гипсовая шпаклевка Gyproc Superflot, 20 кг","1265,95",БеруСтрой
"Клей эластичный Litokol SuperFlex K-77, цвет серый, 25 кг","1583,28",БеруСтрой
"Гипсовая штукатурка для стен и потолков Волма Пласт, 30 кг",381,БеруСтрой
"Смесь сухая цементная клеевая Волма Керамик+, 25 кг",421,БеруСтрой
"Цементная базовая штукатурка Волма Аквапласт, 25 кг",353,БеруСтрой
"Клей для облицовки фасадов камнем и керамогранитом Ветонит Ультра Фикс, 25 кг","758,34",БеруСтрой
"Гипсовая штукатурка Старатели Оптимум, 30 кг",470,БеруСтрой
"Клей плиточный Кнауф Флизен, 25 кг","394,83",БеруСтрой
"Гипсовая штукатурка Волма Слой Белая, 30 кг","515,20",БеруСтрой
"Полимерная финишная шпаклевка Vetonit LR+, 5 кг","442,30",БеруСтрой
"Клей монтажный для блоков тонкослойный Старатели, 25 кг",390,БеруСтрой
"Гипсовая высокопрочная безусадочная шпатлевка Кнауф Унихард, 20 кг","1135,44",БеруСтрой
"Цементная фасадная штукратурка Кнауф-Унтерпутц, 25 кг","360,25",БеруСтрой
"Гипсовая штукатурка Старатели, 30 кг",510,БеруСтрой
"Полимерная шпатлевка Старатели Полиарт, 20 кг",850,БеруСтрой
"Цементная шпатлевка Старатели Фасадно-Финишная, 20 кг",830,БеруСтрой
"Цементная штукатурка Волма Акваслой, 25 кг",411,БеруСтрой
"Шпатлевка для заделки швов Волма Шов, 20 кг",503,БеруСтрой
"Смесь Основит Каверпликс ТС116 штукатурно-клеевая для теплоизоляции, 25 кг",876,БеруСтрой
"Универсальная гипсовая штукатурка Кнауф Фуген, 25 кг","690,17",БеруСтрой
"Цементная штукатурка Старатели Фасадная, 25 кг",400,БеруСтрой
"Цементная шпатлевка Старатели Базовая, 20 кг",499,БеруСтрой
"Цеметная цокольная штукатурка Кнауф-Зокельпутц, 25 кг","399,64",БеруСтрой
"Цементная шпатлевка армированная Волма Аквастандарт, 22 кг",421,БеруСтрой
"Наливной пол Старатели Толстый самонивелирующийся, 25 кг",410,БеруСтрой
"Полимерная шпатлевка Старатели Финишная КР, 20 кг",699,БеруСтрой
"Клей плиточный Unis XXI экономичный, 25 кг","448,33",БеруСтрой
"Шпатлевка гипсовая выравнивающая Старатели, 20 кг",480,БеруСтрой
"Цементная шпатлевка Старатели Фасадная, 20 кг",680,БеруСтрой
"Наливной пол Старатели Тонкий самонивелирующийся, 25 кг",660,БеруСтрой
"Наливной пол Старатели Быстротвердеющий, 20 кг",404,БеруСтрой
"Штукатурка гипсовая Старатели Старт, 30 кг",450,БеруСтрой
"Гипсовая шпатлевка Gyproc Superflot, 5кг","411,73",БеруСтрой
"Наливной пол Старатели Практичный самонивелирующийся, 20 кг",370,БеруСтрой
"Цементная штукатурка Старатели, 25 кг",370,БеруСтрой
"Наливной пол Основит Скорлайн FK45 R, 20 кг",552,БеруСтрой
"Клей гипсовый Кнауф Перлфикс, 30 кг","526,31",БеруСтрой
"Керамзит, фракция 20-40 мм, мешок 50 л",225,БеруСтрой
"Суперфинишная полимерная шпатлевка Litokol Litopasta,18 кг","1484,65",БеруСтрой
"Наливной пол Старатели Высокопрочный самонивелирующийся, 25 кг",530,БеруСтрой
"Штукатурно-клеевая смесь Кнауф-Севенер, 25 кг","928,97",БеруСтрой
"Универсальная смесь для монтажа теплоизоляции и отштукатуривания фасада Волма Термофасад, 25 кг",692,БеруСтрой
"Клей плиточный Старатели Стандарт, 25 кг",370,БеруСтрой
"Финишный наливной пол Vetonit 3100, 20 кг","855,22",БеруСтрой
Штукатурка цементно-известковая серая РН и МН Основит Стартвэлл PC21 (25кг) (60) 75554,421,БеруСтрой
"Смесь сухая затирочная Волма Мультишов СG2 WA, ГОСТ Р 58271, цвет темно-серая, 2 кг",380,БеруСтрой
"Базовый ровнитель Vetonit 5700, 25 кг","353,90",БеруСтрой
"Цеметная затирка Litokol Litochrome 1-6 EVO, цвет LE 200 белый, 2 кг","328,90",БеруСтрой
"Сухая клеевая смесь повышенной фиксации Волма Экстраклей, 25 кг",675,БеруСтрой
"Затирка для плиточных швов Старатели, цвет 002 белый, 2 кг",450,БеруСтрой
"Штукатурка гипсовая Основит Техно PG26/1 MW. цвет белый, 30 кг",520,БеруСтрой
"Клей для блоков Основит Селформ MC112, 20 кг",325,БеруСтрой
"Гипсовая универсальная штукатурка Старатели Mixter, 30 кг",540,БеруСтрой
"Керамзит, фракция 10-20 мм, мешок 50 л",225,БеруСтрой
"Шпатлевка цементная Основит Базсилк PC30 MW белая фасадная, 20 кг",737,БеруСтрой
"Затирка эластичная Основит Плитсэйв XC6 E, цвет серый 020, 2 кг",479,БеруСтрой
"Клей плиточный Unis 2000, 25 кг","495,41",БеруСтрой
"Клей гипсовый Волма Монтаж морозостойкий, 30 кг",559,БеруСтрой
"Наливной пол Основит Скорлайн FK48 R быстротвердеющий, 20 кг",468,БеруСтрой
"Смесь штукатурно-клеевая Основит Каверпликс TC117, 25 кг",1015,БеруСтрой
"Финишная гипсовая шпаклевка Кнауф Ротбанд Финиш, 25 кг","668,72",БеруСтрой
"Шпатлевка гипсовая Основит Эконсилк PG35 W, цвет белый, 20 кг",617,БеруСтрой
"Шпаклевка цементная Основит Грейсилк PC31 G суперфинишная, цвет серый, 20 кг",745,БеруСтрой
"Цементная штукатурка фасадная, трещиностойкая Кнауф-Грюндбанд, 25 кг","441,99",БеруСтрой
"Шпаклёвка  фасадная Основит Базсилк PC30 MG, цвет серая, 20 кг",573,БеруСтрой
"Стяжка пола цементная Основит Стартолайн FC43 L легкая, 25 кг",727,БеруСтрой
Шпатель резиновый Litokol 946 GR для эпоксидных и цементных затирок,"635,70",БеруСтрой
"Смесь сухая затирочная Волма Мультишов СG2 WA, ГОСТ Р 58271, цвет светло-бежевая, 2 кг",380,БеруСтрой
"Штукатурный обрызг Основит Техно PC20 M, 25 кг",357,БеруСтрой
"Штукатурка декоративная Основит Экстервэлл OS-1.5 GК фактура короед, цвет серый, 25 кг",946,БеруСтрой
"Штукатурка гипсовая Старатели Белая, 30 кг",590,БеруСтрой
"Кладочный раствор Основит Брикформ MC11 для облицовочного кирпича, цвет белый 010, 25 кг",712,БеруСтрой
"Затирка для плиточных швов Старатели, цвет 004 серый, 2 кг",450,БеруСтрой
"Клей плиточный Старатели Люкс, 25 кг",570,БеруСтрой
"Шпатлевка гипсовая Основит Элисилк PG36 W белая финишная, 20 кг",687,БеруСтрой
"Клей плиточный Основит Гранипликс АС14, 25 кг",834,БеруСтрой
"Ремонтный состав Индастро Профскрин RC35 для бетона, 25 кг",1828,БеруСтрой
"Штукатурка гипсовая Unis Теплон Белый, 30 кг","573,52",БеруСтрой
"Финишная готовая шпатлевка Волма Cream, 16 кг",1556,БеруСтрой
"Цементная штукатурка тонкослойная Кнауф-Виртон, 25 кг","782,33",БеруСтрой
"Штукатурка гипсовая Основит Гипсвэлл PG25, цвет серый, 30 кг",589,БеруСтрой
"Ровнитель для пола Кнауф Убо, 25 кг","857,59",БеруСтрой
"Смесь сухая затирочная Волма Мультишов СG2 WA, ГОСТ Р 58271, цвет белая, 2 кг",320,БеруСтрой
"Клей монтажный для блоков ячеистого бетона Волма Блок Морозостойкий, 25 кг",390,БеруСтрой
"Гипсовая штукатурка машинного нанесения Старатели, 30 кг",480,БеруСтрой
"Затирка для плиточных швов Старатели, цвет 033 графит, 2 кг",450,БеруСтрой
"Полимерная финишная шпаклевка Vetonit LR+, 22 кг","966,12",БеруСтрой
"Клей плиточный Старатели Плюс, 25 кг",410,БеруСтрой
"Клей для облицовки плиткой при отрицательной температуре Ветонит Ультра Фикс Зима, 25 кг","1248,46",БеруСтрой
"Клеевая смесь Основит Каверпликс АC117 для монтажа теплоизоляицонных плит, 25 кг",883,БеруСтрой
"Кладочная смесь Кнауф Коттеджная, 25 кг","272,91",БеруСтрой
"Полимерная шпатлевка Старатели Финишная Плюс влагостойкая, 20 кг",750,БеруСтрой
"Затирка Litokol Litochrom Luxury EVO, цвет LLE 225 бежевый, цементная, 2 кг","570,90",БеруСтрой
"Шпаклевка гипсовая Основит Версилк PG34 W выравнивающая, цвет белый, 20 кг",585,БеруСтрой
"Готовая шпатлевка финишная Danogips SuperFinish, 28 кг",2900,БеруСтрой
"Ремонтный состав Индастро Профскрин RC45 для бетона, 25 кг",1863,БеруСтрой
"Сухой бетон Русеан М-400, 40 кг",470,БеруСтрой
"Смесь сухая затирочная Волма Мультишов СG2 WA, ГОСТ Р 58271, цвет мятная, 2 кг",395,БеруСтрой
"Смесь сухая затирочная Волма Мультишов СG2 WA, ГОСТ Р 58271, цвет светло-серая, 2 кг",380,БеруСтрой
"Стяжка для пола Penoplex Fastmix, 25 кг","311,37",БеруСтрой
"Затирка эластичная Основит Плитсэйв XC6 E, цвет белая 010, 20 кг",1654,БеруСтрой
"Гипсовая усиленная штукатурка Vetonit Profi Gyps, 30 кг","573,96",БеруСтрой
"Полимерная финишная шпатлевка Волма Iskrit Белоснежная, 19 кг",575,БеруСтрой
"Смесь сухая затирочная Волма Мультишов СG2 WA, ГОСТ Р 58271, цвет серая, 2 кг",380,БеруСтрой
"Ровнитель для пола быстросохнущий Vetonit 6000, 25 кг","756,03",БеруСтрой
"Быстросохнущий ровнитель для пола Vetonit 6000, 25 кг","756,03",БеруСтрой
"Напольная самонивелирующаяся смесь Кнауф Трибон, 30 кг","538,55",БеруСтрой
"Очиститель эпоксидных остатков Основит Плитсэйв SЕ1, 0.5 л",1593,БеруСтрой
"Очиститель эпоксидных остатков Основит Плитсейв SЕ1, 0,5 л",1593,БеруСтрой
"Клей плиточный Unis Гранит, 25 кг","795,01",БеруСтрой
Губка для очистки эпоксидных остатков Основит Плитсейв,1094,БеруСтрой
"Антикоррозийный состав Litokol Fercem, 2 кг","608,40",БеруСтрой
"Клей высокопластичный Unis U-200 белый, армированный, 5 кг","436,56",БеруСтрой
"Затирка для плиточных швов Старатели, цвет 191 светло-бежевый, 2 кг",450,БеруСтрой
"Силиконовый герметик Волма Контур, цвет прозрачный, 290 мл",365,БеруСтрой
"Наливной пол цементный Основит Ниплайн FC 42 H высокопрочный, 25 кг",768,БеруСтрой
"Цементная штукатурка Litokol Litochrome 1-6 EVO, цвет LE 110 стальной серый, 2 кг",338,БеруСтрой
"Затирка Litokol Litochrom 1-6 EVO, цвет LE 105 серебристо-серый, цементная, 2 кг","328,90",БеруСтрой
"Затирка Litokol Litochrom 1-6 EVO, цвет LE 110 стальной серый, цементная, 2 кг","328,90",БеруСтрой
"Клей плиточный U-300 MaxiFlex эластичный, для деформирующихся оснований, 5 кг","415,16",БеруСтрой
"Готовая шпатлевка Старатели Суперфинишная, 15 кг",1400,БеруСтрой
"Цементная затирка Litokol Litochrome 1-6 EVO, LE 210 карамель, 2 кг","328,90",БеруСтрой
"Цементная затирка Litokol Litochrome 1-6 EVO, LE 215 крем-брюле, 2 кг","328,90",БеруСтрой
"Цементная затирка Litokol Litochrome 1-6 EVO, LE 205 жасмин, 2 кг","328,90",БеруСтрой
"Эпоксидная затирка Основит Плитсейв ХЕ 15 Е, цвет багамы 03, 1 кг",2136,БеруСтрой
"Эпоксидная затирка Основит Плитсейв ХЕ 15 Е, цвет коричневый 040, 1 кг",2136,БеруСтрой
"Эпоксидная затирка Основит Плитсейв ХЕ 15 Е, цвет хамелеон 014, 1 кг",2136,БеруСтрой
Эпоксидная затирка эластичная ОСНОВИТ ПЛИТСЭЙВ ULTRA XE15 Е багамы 031 (1 кг),1995,БеруСтрой
Эпоксидная затирка эластичная ОСНОВИТ ПЛИТСЭЙВ ULTRA XE15 Е коричневый 040 (1 кг),1955,БеруСтрой
"Затирка эластичная Основит Плитсэйв XC6 E, цвет бежевая 030, 20 кг",1654,БеруСтрой
"Затирка эластичная Основит Плитсэйв XC6 E, цвет бежевый 030, 2 кг",549,БеруСтрой
"Затирка эластичная Основит Плитсэйв XC6 E, цвет ваниль 033, 2 кг",549,БеруСтрой
"Затирка эластичная Основит Плитсэйв XC6 E, цвет светло-серый 021, 2 кг",549,БеруСтрой
"Эпоксидная затирка эластичная Основит Плитсэйв ULTRA XE15 Е, цвет багамы 031, 1 кг",2136,БеруСтрой
"Эпоксидная затирка эластичная Основит Плитсэйв ULTRA XE15 Е, цвет коричневый 040, 1 кг",2136,БеруСтрой
"Эпоксидная затирка эластичная Основит Плитсэйв ULTRA XE15 Е, цвет хамелеон 014, 1 кг",2136,БеруСтрой
"Штукатурка цементная Волма Акваслой МН, 25 кг",320,БеруСтрой
"Затирка для плиточных швов Старатели, цвет 007 голубой, 1 кг",300,БеруСтрой
"Затирка эластичная Основит Плитсэйв XC6 E, цвет белый 010, 2 кг",479,БеруСтрой
"Затирка эластичная Основит Плитсэйв XC6 E, цвет светло-коричневый 041, 2 кг",549,БеруСтрой
"Клей высокоэластичный Litokol Hyprflex K-100 Белый, 20 кг","5040,36",БеруСтрой
"Клей плиточный Unis Гранит, 5 кг","327,42",БеруСтрой
"Шпатлевка для заделки швов Волма Унишов, 25 кг",1100,БеруСтрой
"Эпоксидная затирка Основит Плитсейв ХЕ 15 Е, цвет светло-серый 021, 1 кг",2136,БеруСтрой
"Эпоксидная затирка Основит Плитсейв ХЕ 15 Е, цвет серый 020, 1 кг",2136,БеруСтрой
"Суперфинишная шпаклевка под покраску Vetonit LR Pasta Brilliant, 18 кг","1023,93",БеруСтрой
Эпоксидная затирка эластичная ОСНОВИТ ПЛИТСЭЙВ ULTRA XE15 Е светло-серый 021 (1 кг),1995,БеруСтрой
Эпоксидная затирка эластичная ОСНОВИТ ПЛИТСЭЙВ ULTRA XE15 Е серый 020 (1 кг),1995,БеруСтрой
"Шпаклевка цементная Основит Белсилк PC32 W финишная, белая, 20 кг",831,БеруСтрой
"Эпоксидная затирка эластичная Основит Плитсэйв ULTRA XE15 Е, цвет светло-серый 021, 1 кг",2136,БеруСтрой
"Эпоксидная затирка эластичная Основит Плитсэйв ULTRA XE15 Е, цвет серый 020, 1 кг",2136,БеруСтрой
"Добавка Starlike Finishes Spotlight, цвет серебристый, 0, 075 кг","1869,40",БеруСтрой
"Цеметная затирка Litokol Litochrome 1-6 EVO, цвет LE 145 черный уголь, 2 кг","392,70",БеруСтрой
"Клей плиточный Unis Юнис Плюс, 25 кг","627,02",БеруСтрой
"Клей высокоэластичный Litokol Hyperflex K100 для крупноформатной плитки, цвет серый, 20 кг","3602,55",БеруСтрой
"Затирка цементная цветная Vetonit Comfort Spectrum, цвет 06 серый, 2 кг","236,63",БеруСтрой
"Затирка для плиточных швов Старатели, цвет 002 белый, 1 кг",300,БеруСтрой
"Цементная затирка Litokol Litochrome 1-6 EVO, цвет LE 100 пепельно-белый, 2 кг","328,90",БеруСтрой
"Затирка Litokol Starlike EVO, цвет S.320 Azzuro Caraibi, эпоксидная, 2,5 кг","6177,60",БеруСтрой
"Затирка Litokol Starlike EVO, цвет C.240 Moka, эпоксидная, 5 кг","10570,30",БеруСтрой
"Затирка Litokol Starlike EVO, цвет S.215 Tortora, эпоксидная, 2,5 кг","6177,60",БеруСтрой
"Шпатлевка полимерная готовая Unis Теплон Pasta, 5 кг","471,87",БеруСтрой
"Затирка для плиточных швов Старатели, цвет 003 дымчато-серый, 2 кг",450,БеруСтрой
"Цемент Мастер М-500, Д-0, ГОСТ 21108-2020, 50 кг",530,БеруСтрой
"Затирка эластичная Основит Плитсэйв XC6 E, цвет серебро 024, 2 кг",549,БеруСтрой
"Клей Litokol К-55 для всех видов мозаики, 5 кг","443,10",БеруСтрой
"Затирка Litokol Stralike EVO, цвет S.120 Grigio Piombo, эпоксидная, 2,5 кг","6177,60",БеруСтрой
"Затирка Litokol Starlike EVO, цвет S.110 Grigio Perla, эпоксидная, 2,5 кг","6177,60",БеруСтрой
"Затирка Litokol Starlike EVO, цвет S.125 Grigio Cemento, эпоксидная, 2,5 кг","6177,60",БеруСтрой
